Model,Accuracy,F1 Score
Heuristic classifier,0.05897438104007642,0.029030171485187183
Sk-learn model,0.991446003975801,0.9914394139299809
Neural Network,0.061538858721375524,0.007134983522489038
