Model,Accuracy,F1 Score
Heuristic classifier,0.038622066555940894,0.0363511881636733
Sk-learn model,0.9911534125624983,0.99114406862406
Neural Network,0.17126063870984398,0.16961307447737964
